{
    "MRO": 0.9847870986518491,
    "NPCC": 2.673305607965626,
    "RFC": 1.6509821247609835,
    "SERC": 1.5498087896485784,
    "TRE": 4.022076391871773,
    "WECC": 1.5968855235666162
}